--
-- PostgreSQL database dump
--

-- Dumped from database version 16.9
-- Dumped by pg_dump version 16.9

SET statement_timeout = 0;
SET lock_timeout = 0;
SET idle_in_transaction_session_timeout = 0;
SET client_encoding = 'UTF8';
SET standard_conforming_strings = on;
SELECT pg_catalog.set_config('search_path', '', false);
SET check_function_bodies = false;
SET xmloption = content;
SET client_min_messages = warning;
SET row_security = off;

SET default_tablespace = '';

SET default_table_access_method = heap;

--
-- Name: blinkit_po_header; Type: TABLE; Schema: public; Owner: neondb_owner
--

CREATE TABLE public.blinkit_po_header (
    id integer NOT NULL,
    po_number character varying(50) NOT NULL,
    status character varying(20) DEFAULT 'Open'::character varying,
    total_quantity integer DEFAULT 0,
    total_items integer DEFAULT 0,
    total_basic_cost numeric(15,2) DEFAULT '0'::numeric,
    total_tax_amount numeric(15,2) DEFAULT '0'::numeric,
    total_landing_rate numeric(15,2) DEFAULT '0'::numeric,
    cart_discount numeric(15,2) DEFAULT '0'::numeric,
    net_amount numeric(15,2) DEFAULT '0'::numeric,
    unique_hsn_codes text[],
    created_by character varying(100),
    uploaded_by character varying(100),
    created_at timestamp without time zone DEFAULT now(),
    updated_at timestamp without time zone DEFAULT now()
);


ALTER TABLE public.blinkit_po_header OWNER TO neondb_owner;

--
-- Name: blinkit_po_header_id_seq; Type: SEQUENCE; Schema: public; Owner: neondb_owner
--

ALTER TABLE public.blinkit_po_header ALTER COLUMN id ADD GENERATED BY DEFAULT AS IDENTITY (
    SEQUENCE NAME public.blinkit_po_header_id_seq
    START WITH 1
    INCREMENT BY 1
    NO MINVALUE
    NO MAXVALUE
    CACHE 1
);


--
-- Name: blinkit_po_lines; Type: TABLE; Schema: public; Owner: neondb_owner
--

CREATE TABLE public.blinkit_po_lines (
    id integer NOT NULL,
    po_header_id integer,
    line_number integer NOT NULL,
    item_code character varying(50),
    hsn_code character varying(20),
    product_upc character varying(50),
    product_description text,
    grammage character varying(50),
    basic_cost_price numeric(10,2),
    cgst_percent numeric(5,2),
    sgst_percent numeric(5,2),
    igst_percent numeric(5,2),
    cess_percent numeric(5,2),
    additional_cess numeric(10,2),
    tax_amount numeric(10,2),
    landing_rate numeric(10,2),
    quantity integer DEFAULT 0,
    mrp numeric(10,2),
    margin_percent numeric(5,2),
    total_amount numeric(15,2),
    status character varying(20) DEFAULT 'Active'::character varying,
    created_by character varying(100),
    created_at timestamp without time zone DEFAULT now()
);


ALTER TABLE public.blinkit_po_lines OWNER TO neondb_owner;

--
-- Name: blinkit_po_lines_id_seq; Type: SEQUENCE; Schema: public; Owner: neondb_owner
--

ALTER TABLE public.blinkit_po_lines ALTER COLUMN id ADD GENERATED BY DEFAULT AS IDENTITY (
    SEQUENCE NAME public.blinkit_po_lines_id_seq
    START WITH 1
    INCREMENT BY 1
    NO MINVALUE
    NO MAXVALUE
    CACHE 1
);


--
-- Name: city_mall_po_header; Type: TABLE; Schema: public; Owner: neondb_owner
--

CREATE TABLE public.city_mall_po_header (
    id integer NOT NULL,
    po_number character varying(50) NOT NULL,
    status character varying(20) DEFAULT 'Open'::character varying,
    total_quantity integer DEFAULT 0,
    total_base_amount numeric(15,2) DEFAULT '0'::numeric,
    total_igst_amount numeric(15,2) DEFAULT '0'::numeric,
    total_cess_amount numeric(15,2) DEFAULT '0'::numeric,
    total_amount numeric(15,2) DEFAULT '0'::numeric,
    unique_hsn_codes text[],
    created_by character varying(100),
    uploaded_by character varying(100),
    created_at timestamp without time zone DEFAULT now(),
    updated_at timestamp without time zone DEFAULT now()
);


ALTER TABLE public.city_mall_po_header OWNER TO neondb_owner;

--
-- Name: city_mall_po_header_id_seq; Type: SEQUENCE; Schema: public; Owner: neondb_owner
--

ALTER TABLE public.city_mall_po_header ALTER COLUMN id ADD GENERATED BY DEFAULT AS IDENTITY (
    SEQUENCE NAME public.city_mall_po_header_id_seq
    START WITH 1
    INCREMENT BY 1
    NO MINVALUE
    NO MAXVALUE
    CACHE 1
);


--
-- Name: city_mall_po_lines; Type: TABLE; Schema: public; Owner: neondb_owner
--

CREATE TABLE public.city_mall_po_lines (
    id integer NOT NULL,
    po_header_id integer,
    line_number integer NOT NULL,
    article_id character varying(50),
    article_name text,
    hsn_code character varying(20),
    mrp numeric(10,2),
    base_cost_price numeric(10,2),
    quantity integer DEFAULT 0,
    base_amount numeric(15,2),
    igst_percent numeric(5,2),
    cess_percent numeric(5,2),
    igst_amount numeric(10,2),
    cess_amount numeric(10,2),
    total_amount numeric(15,2),
    status character varying(20) DEFAULT 'Pending'::character varying,
    created_by character varying(100),
    created_at timestamp without time zone DEFAULT now()
);


ALTER TABLE public.city_mall_po_lines OWNER TO neondb_owner;

--
-- Name: city_mall_po_lines_id_seq; Type: SEQUENCE; Schema: public; Owner: neondb_owner
--

ALTER TABLE public.city_mall_po_lines ALTER COLUMN id ADD GENERATED BY DEFAULT AS IDENTITY (
    SEQUENCE NAME public.city_mall_po_lines_id_seq
    START WITH 1
    INCREMENT BY 1
    NO MINVALUE
    NO MAXVALUE
    CACHE 1
);


--
-- Name: flipkart_grocery_po_header; Type: TABLE; Schema: public; Owner: neondb_owner
--

CREATE TABLE public.flipkart_grocery_po_header (
    id integer NOT NULL,
    po_number character varying(50) NOT NULL,
    supplier_name text NOT NULL,
    supplier_address text,
    supplier_contact character varying(20),
    supplier_email character varying(100),
    supplier_gstin character varying(20),
    billed_to_address text,
    billed_to_gstin character varying(20),
    shipped_to_address text,
    shipped_to_gstin character varying(20),
    nature_of_supply character varying(50),
    nature_of_transaction character varying(50),
    po_expiry_date timestamp without time zone,
    category character varying(100),
    order_date timestamp without time zone NOT NULL,
    mode_of_payment character varying(50),
    contract_ref_id character varying(100),
    contract_version character varying(10),
    credit_term character varying(100),
    total_quantity integer,
    total_taxable_value numeric(12,2),
    total_tax_amount numeric(12,2),
    total_amount numeric(12,2),
    status character varying(20) DEFAULT 'Open'::character varying NOT NULL,
    created_by character varying(100),
    uploaded_by character varying(100),
    created_at timestamp without time zone DEFAULT now(),
    updated_at timestamp without time zone DEFAULT now()
);


ALTER TABLE public.flipkart_grocery_po_header OWNER TO neondb_owner;

--
-- Name: flipkart_grocery_po_header_id_seq; Type: SEQUENCE; Schema: public; Owner: neondb_owner
--

ALTER TABLE public.flipkart_grocery_po_header ALTER COLUMN id ADD GENERATED BY DEFAULT AS IDENTITY (
    SEQUENCE NAME public.flipkart_grocery_po_header_id_seq
    START WITH 1
    INCREMENT BY 1
    NO MINVALUE
    NO MAXVALUE
    CACHE 1
);


--
-- Name: flipkart_grocery_po_lines; Type: TABLE; Schema: public; Owner: neondb_owner
--

CREATE TABLE public.flipkart_grocery_po_lines (
    id integer NOT NULL,
    header_id integer NOT NULL,
    line_number integer NOT NULL,
    hsn_code character varying(20),
    fsn_isbn character varying(50),
    quantity integer NOT NULL,
    pending_quantity integer,
    uom character varying(20),
    title text NOT NULL,
    brand character varying(100),
    type character varying(100),
    ean character varying(20),
    vertical character varying(100),
    required_by_date timestamp without time zone,
    supplier_mrp numeric(10,2),
    supplier_price numeric(10,2),
    taxable_value numeric(10,2),
    igst_rate numeric(5,2),
    igst_amount_per_unit numeric(10,2),
    sgst_rate numeric(5,2),
    sgst_amount_per_unit numeric(10,2),
    cgst_rate numeric(5,2),
    cgst_amount_per_unit numeric(10,2),
    cess_rate numeric(5,2),
    cess_amount_per_unit numeric(10,2),
    tax_amount numeric(10,2),
    total_amount numeric(10,2),
    status character varying(50) DEFAULT 'Pending'::character varying,
    created_by character varying(100),
    created_at timestamp without time zone DEFAULT now(),
    updated_at timestamp without time zone DEFAULT now()
);


ALTER TABLE public.flipkart_grocery_po_lines OWNER TO neondb_owner;

--
-- Name: flipkart_grocery_po_lines_id_seq; Type: SEQUENCE; Schema: public; Owner: neondb_owner
--

ALTER TABLE public.flipkart_grocery_po_lines ALTER COLUMN id ADD GENERATED BY DEFAULT AS IDENTITY (
    SEQUENCE NAME public.flipkart_grocery_po_lines_id_seq
    START WITH 1
    INCREMENT BY 1
    NO MINVALUE
    NO MAXVALUE
    CACHE 1
);


--
-- Name: pf_item_mst; Type: TABLE; Schema: public; Owner: neondb_owner
--

CREATE TABLE public.pf_item_mst (
    id integer NOT NULL,
    pf_itemcode character varying(100) NOT NULL,
    pf_itemname text NOT NULL,
    pf_id integer NOT NULL,
    sap_id integer NOT NULL
);


ALTER TABLE public.pf_item_mst OWNER TO neondb_owner;

--
-- Name: pf_item_mst_id_seq; Type: SEQUENCE; Schema: public; Owner: neondb_owner
--

ALTER TABLE public.pf_item_mst ALTER COLUMN id ADD GENERATED BY DEFAULT AS IDENTITY (
    SEQUENCE NAME public.pf_item_mst_id_seq
    START WITH 1
    INCREMENT BY 1
    NO MINVALUE
    NO MAXVALUE
    CACHE 1
);


--
-- Name: pf_mst; Type: TABLE; Schema: public; Owner: neondb_owner
--

CREATE TABLE public.pf_mst (
    id integer NOT NULL,
    pf_name character varying(100) NOT NULL
);


ALTER TABLE public.pf_mst OWNER TO neondb_owner;

--
-- Name: pf_mst_id_seq; Type: SEQUENCE; Schema: public; Owner: neondb_owner
--

ALTER TABLE public.pf_mst ALTER COLUMN id ADD GENERATED BY DEFAULT AS IDENTITY (
    SEQUENCE NAME public.pf_mst_id_seq
    START WITH 1
    INCREMENT BY 1
    NO MINVALUE
    NO MAXVALUE
    CACHE 1
);


--
-- Name: pf_order_items; Type: TABLE; Schema: public; Owner: neondb_owner
--

CREATE TABLE public.pf_order_items (
    id integer NOT NULL,
    po_id integer NOT NULL,
    item_name text NOT NULL,
    quantity integer NOT NULL,
    sap_code character varying(50),
    category character varying(100),
    subcategory character varying(100),
    basic_rate numeric(10,2) NOT NULL,
    gst_rate numeric(5,2) NOT NULL,
    landing_rate numeric(10,2) NOT NULL,
    status character varying(50) DEFAULT 'Pending'::character varying,
    total_litres numeric(10,3)
);


ALTER TABLE public.pf_order_items OWNER TO neondb_owner;

--
-- Name: pf_order_items_id_seq; Type: SEQUENCE; Schema: public; Owner: neondb_owner
--

ALTER TABLE public.pf_order_items ALTER COLUMN id ADD GENERATED BY DEFAULT AS IDENTITY (
    SEQUENCE NAME public.pf_order_items_id_seq
    START WITH 1
    INCREMENT BY 1
    NO MINVALUE
    NO MAXVALUE
    CACHE 1
);


--
-- Name: pf_po; Type: TABLE; Schema: public; Owner: neondb_owner
--

CREATE TABLE public.pf_po (
    id integer NOT NULL,
    po_number character varying(100) NOT NULL,
    platform integer NOT NULL,
    serving_distributor character varying(200),
    order_date timestamp without time zone NOT NULL,
    expiry_date timestamp without time zone,
    appointment_date timestamp without time zone,
    region character varying(50),
    state character varying(50),
    city character varying(100),
    area character varying(100),
    status character varying(20) DEFAULT 'Open'::character varying NOT NULL,
    attachment text,
    created_at timestamp without time zone DEFAULT now(),
    updated_at timestamp without time zone DEFAULT now()
);


ALTER TABLE public.pf_po OWNER TO neondb_owner;

--
-- Name: pf_po_id_seq; Type: SEQUENCE; Schema: public; Owner: neondb_owner
--

ALTER TABLE public.pf_po ALTER COLUMN id ADD GENERATED BY DEFAULT AS IDENTITY (
    SEQUENCE NAME public.pf_po_id_seq
    START WITH 1
    INCREMENT BY 1
    NO MINVALUE
    NO MAXVALUE
    CACHE 1
);


--
-- Name: sap_item_mst; Type: TABLE; Schema: public; Owner: neondb_owner
--

CREATE TABLE public.sap_item_mst (
    id integer NOT NULL,
    itemcode character varying(50) NOT NULL,
    itemname text NOT NULL,
    type character varying(50),
    itemgroup character varying(100),
    variety character varying(100),
    subgroup character varying(100),
    brand character varying(100),
    uom character varying(20),
    taxrate numeric(5,2),
    unitsize character varying(50),
    is_litre boolean DEFAULT false,
    case_pack integer
);


ALTER TABLE public.sap_item_mst OWNER TO neondb_owner;

--
-- Name: sap_item_mst_id_seq; Type: SEQUENCE; Schema: public; Owner: neondb_owner
--

ALTER TABLE public.sap_item_mst ALTER COLUMN id ADD GENERATED BY DEFAULT AS IDENTITY (
    SEQUENCE NAME public.sap_item_mst_id_seq
    START WITH 1
    INCREMENT BY 1
    NO MINVALUE
    NO MAXVALUE
    CACHE 1
);


--
-- Name: swiggy_po_lines; Type: TABLE; Schema: public; Owner: neondb_owner
--

CREATE TABLE public.swiggy_po_lines (
    id integer NOT NULL,
    po_id integer,
    line_number integer NOT NULL,
    item_code character varying(100) NOT NULL,
    item_description text,
    hsn_code character varying(20),
    quantity integer NOT NULL,
    mrp numeric(10,2),
    unit_base_cost numeric(10,3),
    taxable_value numeric(12,5),
    cgst_rate numeric(5,2),
    cgst_amount numeric(10,5),
    sgst_rate numeric(5,2),
    sgst_amount numeric(10,5),
    igst_rate numeric(5,2),
    igst_amount numeric(10,5),
    cess_rate numeric(5,2),
    cess_amount numeric(10,5),
    additional_cess numeric(10,5),
    total_tax_amount numeric(10,5),
    line_total numeric(12,5),
    created_at timestamp without time zone DEFAULT now()
);


ALTER TABLE public.swiggy_po_lines OWNER TO neondb_owner;

--
-- Name: swiggy_po_lines_id_seq; Type: SEQUENCE; Schema: public; Owner: neondb_owner
--

CREATE SEQUENCE public.swiggy_po_lines_id_seq
    AS integer
    START WITH 1
    INCREMENT BY 1
    NO MINVALUE
    NO MAXVALUE
    CACHE 1;


ALTER SEQUENCE public.swiggy_po_lines_id_seq OWNER TO neondb_owner;

--
-- Name: swiggy_po_lines_id_seq; Type: SEQUENCE OWNED BY; Schema: public; Owner: neondb_owner
--

ALTER SEQUENCE public.swiggy_po_lines_id_seq OWNED BY public.swiggy_po_lines.id;


--
-- Name: swiggy_pos; Type: TABLE; Schema: public; Owner: neondb_owner
--

CREATE TABLE public.swiggy_pos (
    id integer NOT NULL,
    po_number character varying(100) NOT NULL,
    po_date timestamp without time zone,
    po_release_date timestamp without time zone,
    expected_delivery_date timestamp without time zone,
    po_expiry_date timestamp without time zone,
    vendor_name character varying(255),
    payment_terms character varying(100),
    total_items integer DEFAULT 0,
    total_quantity integer DEFAULT 0,
    total_taxable_value numeric(15,2),
    total_tax_amount numeric(15,2),
    grand_total numeric(15,2),
    unique_hsn_codes character varying[],
    status character varying(50) DEFAULT 'pending'::character varying,
    created_by character varying(100),
    created_at timestamp without time zone DEFAULT now(),
    updated_at timestamp without time zone DEFAULT now()
);


ALTER TABLE public.swiggy_pos OWNER TO neondb_owner;

--
-- Name: swiggy_pos_id_seq; Type: SEQUENCE; Schema: public; Owner: neondb_owner
--

CREATE SEQUENCE public.swiggy_pos_id_seq
    AS integer
    START WITH 1
    INCREMENT BY 1
    NO MINVALUE
    NO MAXVALUE
    CACHE 1;


ALTER SEQUENCE public.swiggy_pos_id_seq OWNER TO neondb_owner;

--
-- Name: swiggy_pos_id_seq; Type: SEQUENCE OWNED BY; Schema: public; Owner: neondb_owner
--

ALTER SEQUENCE public.swiggy_pos_id_seq OWNED BY public.swiggy_pos.id;


--
-- Name: users; Type: TABLE; Schema: public; Owner: neondb_owner
--

CREATE TABLE public.users (
    id character varying DEFAULT gen_random_uuid() NOT NULL,
    username text NOT NULL,
    password text NOT NULL
);


ALTER TABLE public.users OWNER TO neondb_owner;

--
-- Name: zepto_po_header; Type: TABLE; Schema: public; Owner: neondb_owner
--

CREATE TABLE public.zepto_po_header (
    id integer NOT NULL,
    po_number character varying(50) NOT NULL,
    status character varying(20) DEFAULT 'Open'::character varying,
    total_quantity integer DEFAULT 0,
    total_cost_value numeric(15,2) DEFAULT '0'::numeric,
    total_tax_amount numeric(15,2) DEFAULT '0'::numeric,
    total_amount numeric(15,2) DEFAULT '0'::numeric,
    unique_brands text[],
    created_by character varying(100),
    uploaded_by character varying(100),
    created_at timestamp without time zone DEFAULT now(),
    updated_at timestamp without time zone DEFAULT now()
);


ALTER TABLE public.zepto_po_header OWNER TO neondb_owner;

--
-- Name: zepto_po_header_id_seq; Type: SEQUENCE; Schema: public; Owner: neondb_owner
--

ALTER TABLE public.zepto_po_header ALTER COLUMN id ADD GENERATED BY DEFAULT AS IDENTITY (
    SEQUENCE NAME public.zepto_po_header_id_seq
    START WITH 1
    INCREMENT BY 1
    NO MINVALUE
    NO MAXVALUE
    CACHE 1
);


--
-- Name: zepto_po_lines; Type: TABLE; Schema: public; Owner: neondb_owner
--

CREATE TABLE public.zepto_po_lines (
    id integer NOT NULL,
    po_header_id integer,
    line_number integer NOT NULL,
    po_number character varying(50),
    sku text,
    brand character varying(100),
    sku_id character varying(100),
    sap_id character varying(50),
    hsn_code character varying(20),
    ean_no character varying(50),
    po_qty integer DEFAULT 0,
    asn_qty integer DEFAULT 0,
    grn_qty integer DEFAULT 0,
    remaining_qty integer DEFAULT 0,
    cost_price numeric(10,2),
    cgst numeric(10,2),
    sgst numeric(10,2),
    igst numeric(10,2),
    cess numeric(10,2),
    mrp numeric(10,2),
    total_value numeric(15,2),
    status character varying(20) DEFAULT 'Pending'::character varying,
    created_by character varying(100),
    created_at timestamp without time zone DEFAULT now()
);


ALTER TABLE public.zepto_po_lines OWNER TO neondb_owner;

--
-- Name: zepto_po_lines_id_seq; Type: SEQUENCE; Schema: public; Owner: neondb_owner
--

ALTER TABLE public.zepto_po_lines ALTER COLUMN id ADD GENERATED BY DEFAULT AS IDENTITY (
    SEQUENCE NAME public.zepto_po_lines_id_seq
    START WITH 1
    INCREMENT BY 1
    NO MINVALUE
    NO MAXVALUE
    CACHE 1
);


--
-- Name: swiggy_po_lines id; Type: DEFAULT; Schema: public; Owner: neondb_owner
--

ALTER TABLE ONLY public.swiggy_po_lines ALTER COLUMN id SET DEFAULT nextval('public.swiggy_po_lines_id_seq'::regclass);


--
-- Name: swiggy_pos id; Type: DEFAULT; Schema: public; Owner: neondb_owner
--

ALTER TABLE ONLY public.swiggy_pos ALTER COLUMN id SET DEFAULT nextval('public.swiggy_pos_id_seq'::regclass);


--
-- Data for Name: blinkit_po_header; Type: TABLE DATA; Schema: public; Owner: neondb_owner
--

COPY public.blinkit_po_header (id, po_number, status, total_quantity, total_items, total_basic_cost, total_tax_amount, total_landing_rate, cart_discount, net_amount, unique_hsn_codes, created_by, uploaded_by, created_at, updated_at) FROM stdin;
1	BK_20250807_045848	Open	122	3	35561.92	43.19	37340.00	0.00	37340.00	{151491,15141920,15091000}	system	system	2025-08-07 04:58:48.703607	2025-08-07 04:58:48.703607
\.


--
-- Data for Name: blinkit_po_lines; Type: TABLE DATA; Schema: public; Owner: neondb_owner
--

COPY public.blinkit_po_lines (id, po_header_id, line_number, item_code, hsn_code, product_upc, product_description, grammage, basic_cost_price, cgst_percent, sgst_percent, igst_percent, cess_percent, additional_cess, tax_amount, landing_rate, quantity, mrp, margin_percent, total_amount, status, created_by, created_at) FROM stdin;
1	1	1	10048294	151491	8908000258211	Jivo Extra Light Olive Oil(Pack)	1 l	504.76	2.50	2.50	0.00	0.00	0.00	25.24	530.00	42	1499.00	64.64	22260.00	Active	system	2025-08-07 04:58:48.703607
2	1	2	10201963	15141920	8908000258235	Jivo Cold Pressed Sunflower Oil(Bottle)	1 ltr	142.86	2.50	2.50	0.00	0.00	0.00	7.14	150.00	40	275.00	45.45	6000.00	Active	system	2025-08-07 04:58:48.703607
3	1	3	10049199	15091000	8905604001083	Jivo Cold Pressed Canola Oil(Pack)	1 l	216.19	2.50	2.50	0.00	0.00	0.00	10.81	227.00	40	375.00	39.47	9080.00	Active	system	2025-08-07 04:58:48.703607
\.


--
-- Data for Name: city_mall_po_header; Type: TABLE DATA; Schema: public; Owner: neondb_owner
--

COPY public.city_mall_po_header (id, po_number, status, total_quantity, total_base_amount, total_igst_amount, total_cess_amount, total_amount, unique_hsn_codes, created_by, uploaded_by, created_at, updated_at) FROM stdin;
\.


--
-- Data for Name: city_mall_po_lines; Type: TABLE DATA; Schema: public; Owner: neondb_owner
--

COPY public.city_mall_po_lines (id, po_header_id, line_number, article_id, article_name, hsn_code, mrp, base_cost_price, quantity, base_amount, igst_percent, cess_percent, igst_amount, cess_amount, total_amount, status, created_by, created_at) FROM stdin;
\.


--
-- Data for Name: flipkart_grocery_po_header; Type: TABLE DATA; Schema: public; Owner: neondb_owner
--

COPY public.flipkart_grocery_po_header (id, po_number, supplier_name, supplier_address, supplier_contact, supplier_email, supplier_gstin, billed_to_address, billed_to_gstin, shipped_to_address, shipped_to_gstin, nature_of_supply, nature_of_transaction, po_expiry_date, category, order_date, mode_of_payment, contract_ref_id, contract_version, credit_term, total_quantity, total_taxable_value, total_tax_amount, total_amount, status, created_by, uploaded_by, created_at, updated_at) FROM stdin;
\.


--
-- Data for Name: flipkart_grocery_po_lines; Type: TABLE DATA; Schema: public; Owner: neondb_owner
--

COPY public.flipkart_grocery_po_lines (id, header_id, line_number, hsn_code, fsn_isbn, quantity, pending_quantity, uom, title, brand, type, ean, vertical, required_by_date, supplier_mrp, supplier_price, taxable_value, igst_rate, igst_amount_per_unit, sgst_rate, sgst_amount_per_unit, cgst_rate, cgst_amount_per_unit, cess_rate, cess_amount_per_unit, tax_amount, total_amount, status, created_by, created_at, updated_at) FROM stdin;
\.


--
-- Data for Name: pf_item_mst; Type: TABLE DATA; Schema: public; Owner: neondb_owner
--

COPY public.pf_item_mst (id, pf_itemcode, pf_itemname, pf_id, sap_id) FROM stdin;
1	BLK-AATA001	Aashirvaad Wheat Flour 5kg Pack	1	1
2	BLK-RICE001	India Gate Premium Basmati Rice 1kg	1	2
3	BLK-OIL001	Fortune Refined Sunflower Oil 1L Bottle	1	3
4	SWG-AATA001	Aashirvaad Atta 5Kg Family Pack	2	1
5	SWG-PULSES001	Tata Sampann Arhar Dal 1kg Premium	2	4
6	ZPT-BISCUIT001	Parle-G Original Glucose Biscuits 200g	3	5
7	ZPT-SOAP001	Lifebuoy Total Protection Soap 125g	3	6
8	FKG-DETERGENT001	Surf Excel Easy Wash Detergent 1kg	4	7
9	FKG-TEA001	Tata Tea Premium Leaf Tea 250g	4	8
10	ZHP-RICE001	India Gate Basmati Rice Premium 1kg	5	2
11	ZHP-OIL001	Fortune Sunflower Oil Pure 1L	5	3
12	AMZ-AATA001	Aashirvaad Select Atta 5kg	6	1
13	AMZ-COKE-600	Coca Cola 600ml Bottle	1	1
14	AMZ-LAYS-52	Lays Classic Chips 52g	1	2
15	AMZ-AMUL-1L	Amul Fresh Milk 1 Litre	1	3
16	FLP-COKE-600	Coca Cola Original 600ml	2	1
17	FLP-LAYS-52	Lays Classic Salted 52g	2	2
18	AMZ-LAP-001	Dell Inspiron 15 Laptop (8GB RAM, 512GB SSD)	6	9
19	AMZ-MOB-001	Samsung Galaxy S21 5G (128GB, Phantom Gray)	6	10
20	AMZ-AUD-001	Sony WH-1000XM4 Wireless Noise Cancelling Headphones	6	11
21	AMZ-APP-001	Nespresso Vertuo Coffee Machine	6	21
22	FK-LAP-001	DELL Inspiron Core i5 11th Gen Laptop	10	9
23	FK-MOB-001	SAMSUNG Galaxy S21 5G (Phantom Gray, 128 GB)	10	10
24	FK-CLO-001	Men's Cotton T-Shirt (Blue, Size L)	10	19
25	FK-SHO-001	NIKE Air Max Running Shoes For Men	10	20
26	BLK-FOOD-001	Premium Yoga Mat - 6mm Thick	1	22
27	BLK-BOOK-001	Programming Guide - Learn Python	1	23
28	BLK-CLO-001	Men's Cotton T-Shirt - Blue XL	1	19
29	BLK-SHO-001	Nike Running Shoes - Size 10	1	20
30	AMZ-LAP-001	Dell Inspiron 15 Laptop (8GB RAM, 512GB SSD)	6	9
31	AMZ-MOB-001	Samsung Galaxy S21 5G (128GB, Phantom Gray)	6	10
32	AMZ-AUD-001	Sony WH-1000XM4 Wireless Noise Cancelling Headphones	6	11
33	AMZ-APP-001	Nespresso Vertuo Coffee Machine	6	21
34	FK-LAP-001	DELL Inspiron Core i5 11th Gen Laptop	10	9
35	FK-MOB-001	SAMSUNG Galaxy S21 5G (Phantom Gray, 128 GB)	10	10
36	FK-CLO-001	Men's Cotton T-Shirt (Blue, Size L)	10	19
37	FK-SHO-001	NIKE Air Max Running Shoes For Men	10	20
38	BLK-FOOD-001	Premium Yoga Mat - 6mm Thick	1	22
39	BLK-BOOK-001	Programming Guide - Learn Python	1	23
40	BLK-CLO-001	Men's Cotton T-Shirt - Blue XL	1	19
41	BLK-SHO-001	Nike Running Shoes - Size 10	1	20
\.


--
-- Data for Name: pf_mst; Type: TABLE DATA; Schema: public; Owner: neondb_owner
--

COPY public.pf_mst (id, pf_name) FROM stdin;
1	Blinkit
2	Swiggy Instamart
3	Zepto
4	Flipkart Grocery
5	Zomato Hyperpure
6	Amazon
7	Citymall
8	Dealshare
10	Flipkart
12	BigBasket
\.


--
-- Data for Name: pf_order_items; Type: TABLE DATA; Schema: public; Owner: neondb_owner
--

COPY public.pf_order_items (id, po_id, item_name, quantity, sap_code, category, subcategory, basic_rate, gst_rate, landing_rate, status, total_litres) FROM stdin;
11	1	Coca Cola 600ml	100	SAP001	Beverages	Soft Drinks	25.00	4.50	29.50	Pending	\N
12	1	Lays Classic 52g	200	SAP002	Snacks	Chips	20.00	3.60	23.60	Pending	\N
13	2	Coca Cola 600ml	150	SAP001	Beverages	Soft Drinks	25.00	4.50	29.50	Confirmed	\N
14	2	Amul Milk 1L	80	SAP003	Dairy	Milk	60.00	3.00	63.00	Confirmed	\N
15	3	Lays Classic 52g	300	SAP002	Snacks	Chips	20.00	3.60	23.60	Pending	\N
16	3	Amul Milk 1L	120	SAP003	Dairy	Milk	60.00	3.00	63.00	Pending	\N
17	9	fortune	0				0.00	0.00	0.00	Pending	\N
21	13	Fortune Refined Sunflower Oil 1L Bottle	5	OIL001	Cooking Oil	Refined Oil	150.00	5.00	157.50	Pending	\N
22	13		0				0.00	0.00	0.00	Pending	\N
\.


--
-- Data for Name: pf_po; Type: TABLE DATA; Schema: public; Owner: neondb_owner
--

COPY public.pf_po (id, po_number, platform, serving_distributor, order_date, expiry_date, appointment_date, region, state, city, area, status, attachment, created_at, updated_at) FROM stdin;
1	PO001-BLK-20250103	1	Delhi Metro Foods	2025-01-03 00:00:00	2025-01-10 00:00:00	\N	North India	Delhi	New Delhi	Connaught Place	Open	\N	2025-08-03 22:19:04.973745	2025-08-03 22:19:04.973745
2	PO002-SWG-20250103	2	Karnataka Distributors Pvt Ltd	2025-01-03 00:00:00	2025-01-08 00:00:00	\N	South India	Karnataka	Bangalore	Koramangala	Open	\N	2025-08-03 22:19:15.974344	2025-08-03 22:19:15.974344
3	PO003-ZPT-20250103	3	Mumbai Quick Supply Co	2025-01-03 00:00:00	2025-01-05 00:00:00	2025-01-04 00:00:00	West India	Maharashtra	Mumbai	Andheri West	Open	\N	2025-08-03 22:19:25.433961	2025-08-03 22:19:25.433961
4	PO004-FKG-20250103	4	Mumbai Express Logistics	2025-01-03 00:00:00	2025-01-12 00:00:00	\N	West India	Maharashtra	Mumbai	Bandra East	Open	\N	2025-08-03 22:22:00.559167	2025-08-03 22:22:00.559167
5	99999	1	\N	2025-08-03 00:00:00	2025-08-09 00:00:00	2025-08-08 00:00:00	North India	Punjab	Chandigarh	\N	Open	\N	2025-08-03 22:24:06.337357	2025-08-03 22:24:06.337357
6	PO-AMZ-001	1	Mumbai Distributors Ltd	2024-08-01 10:00:00	2024-08-15 23:59:59	\N	West	Maharashtra	Mumbai	Andheri	Open	\N	2025-08-04 18:18:04.032966	2025-08-04 18:18:04.032966
7	PO-FLP-002	2	Delhi Supply Chain	2024-08-02 14:30:00	2024-08-20 23:59:59	\N	North	Delhi	New Delhi	CP	Closed	\N	2025-08-04 18:18:04.032966	2025-08-04 18:18:04.032966
8	PO-AMZ-003	1	Bangalore Logistics	2024-08-03 09:15:00	2024-08-25 23:59:59	\N	South	Karnataka	Bangalore	Koramangala	Open	\N	2025-08-04 18:18:04.032966	2025-08-04 18:18:04.032966
9	68799	1		2025-08-03 00:00:00	2025-08-08 00:00:00	2025-08-07 00:00:00	North India	Karnataka	New Delhi		Open		2025-08-04 18:24:36.095311	2025-08-04 18:24:36.095311
13	3456	1		2025-08-04 00:00:00	2025-08-12 00:00:00	2025-08-11 00:00:00	North India	Delhi	New Delhi		Open		2025-08-05 09:11:56.247968	2025-08-05 09:11:56.247968
\.


--
-- Data for Name: sap_item_mst; Type: TABLE DATA; Schema: public; Owner: neondb_owner
--

COPY public.sap_item_mst (id, itemcode, itemname, type, itemgroup, variety, subgroup, brand, uom, taxrate, unitsize, is_litre, case_pack) FROM stdin;
1	AATA001	Aashirvaad Atta 5Kg	Finished Good	Flour & Grains	Wheat Flour	Packaged Atta	Aashirvaad	KG	5.00	5Kg	f	8
2	RICE001	India Gate Basmati Rice 1Kg	Finished Good	Rice & Pulses	Basmati Rice	Premium Rice	India Gate	KG	5.00	1Kg	f	20
3	OIL001	Fortune Sunflower Oil 1L	Finished Good	Cooking Oil	Sunflower Oil	Refined Oil	Fortune	LTR	5.00	1L	t	15
4	PULSES001	Toor Dal 1Kg	Finished Good	Rice & Pulses	Dal	Arhar Dal	Tata Sampann	KG	5.00	1Kg	f	25
5	BISCUIT001	Parle-G Biscuits 200g	Finished Good	Snacks	Biscuits	Glucose Biscuits	Parle	PCS	12.00	200g	f	24
6	SOAP001	Lifebuoy Soap 125g	Finished Good	Personal Care	Bath Soap	Antibacterial Soap	Lifebuoy	PCS	18.00	125g	f	48
7	DETERGENT001	Surf Excel 1Kg	Finished Good	Home Care	Detergent	Washing Powder	Surf Excel	KG	18.00	1Kg	f	12
8	TEA001	Tata Tea Premium 250g	Finished Good	Beverages	Tea	Black Tea	Tata Tea	GM	5.00	250g	f	20
9	SAP001	Coca Cola 600ml	Beverage	Soft Drinks	Cola	\N	Coca-Cola	Bottle	18.00	600ml	f	24
10	SAP002	Lays Classic 52g	Snacks	Chips	Classic	\N	Lays	Packet	18.00	52g	f	48
11	SAP003	Amul Milk 1L	Dairy	Milk	Full Cream	\N	Amul	Pack	5.00	1L	t	12
19	SAP004	T-Shirt - Cotton Blue	\N	Apparel	\N	Men's Clothing	\N	\N	5.00	\N	f	\N
20	SAP005	Running Shoes - Nike Air Max	\N	Footwear	\N	Sports Shoes	\N	\N	12.00	\N	f	\N
21	SAP006	Coffee Maker - Nespresso	\N	Home Appliances	\N	Kitchen	\N	\N	18.00	\N	f	\N
22	SAP007	Yoga Mat - Premium	\N	Sports	\N	Fitness	\N	\N	12.00	\N	f	\N
23	SAP008	Book - Programming Guide	\N	Books	\N	Technical	\N	\N	0.00	\N	f	\N
24	SAP009	Watch - Casio Digital	\N	Accessories	\N	Watches	\N	\N	18.00	\N	f	\N
25	SAP010	Backpack - Travel 40L	\N	Bags	\N	Travel	\N	\N	18.00	\N	f	\N
\.


--
-- Data for Name: swiggy_po_lines; Type: TABLE DATA; Schema: public; Owner: neondb_owner
--

COPY public.swiggy_po_lines (id, po_id, line_number, item_code, item_description, hsn_code, quantity, mrp, unit_base_cost, taxable_value, cgst_rate, cgst_amount, sgst_rate, sgst_amount, igst_rate, igst_amount, cess_rate, cess_amount, additional_cess, total_tax_amount, line_total, created_at) FROM stdin;
\.


--
-- Data for Name: swiggy_pos; Type: TABLE DATA; Schema: public; Owner: neondb_owner
--

COPY public.swiggy_pos (id, po_number, po_date, po_release_date, expected_delivery_date, po_expiry_date, vendor_name, payment_terms, total_items, total_quantity, total_taxable_value, total_tax_amount, grand_total, unique_hsn_codes, status, created_by, created_at, updated_at) FROM stdin;
1	SW_20250807_045434	2025-08-07 04:54:34.559	\N	\N	\N	\N	\N	0	0	\N	\N	\N	\N	Open	system	2025-08-07 04:54:37.088813	2025-08-07 04:54:37.088813
2	SW_20250807_051250	2025-08-07 05:12:50.306	\N	\N	\N	\N	\N	0	0	\N	\N	\N	\N	Open	system	2025-08-07 05:12:50.868854	2025-08-07 05:12:50.868854
\.


--
-- Data for Name: users; Type: TABLE DATA; Schema: public; Owner: neondb_owner
--

COPY public.users (id, username, password) FROM stdin;
\.


--
-- Data for Name: zepto_po_header; Type: TABLE DATA; Schema: public; Owner: neondb_owner
--

COPY public.zepto_po_header (id, po_number, status, total_quantity, total_cost_value, total_tax_amount, total_amount, unique_brands, created_by, uploaded_by, created_at, updated_at) FROM stdin;
\.


--
-- Data for Name: zepto_po_lines; Type: TABLE DATA; Schema: public; Owner: neondb_owner
--

COPY public.zepto_po_lines (id, po_header_id, line_number, po_number, sku, brand, sku_id, sap_id, hsn_code, ean_no, po_qty, asn_qty, grn_qty, remaining_qty, cost_price, cgst, sgst, igst, cess, mrp, total_value, status, created_by, created_at) FROM stdin;
\.


--
-- Name: blinkit_po_header_id_seq; Type: SEQUENCE SET; Schema: public; Owner: neondb_owner
--

SELECT pg_catalog.setval('public.blinkit_po_header_id_seq', 1, true);


--
-- Name: blinkit_po_lines_id_seq; Type: SEQUENCE SET; Schema: public; Owner: neondb_owner
--

SELECT pg_catalog.setval('public.blinkit_po_lines_id_seq', 3, true);


--
-- Name: city_mall_po_header_id_seq; Type: SEQUENCE SET; Schema: public; Owner: neondb_owner
--

SELECT pg_catalog.setval('public.city_mall_po_header_id_seq', 1, false);


--
-- Name: city_mall_po_lines_id_seq; Type: SEQUENCE SET; Schema: public; Owner: neondb_owner
--

SELECT pg_catalog.setval('public.city_mall_po_lines_id_seq', 1, false);


--
-- Name: flipkart_grocery_po_header_id_seq; Type: SEQUENCE SET; Schema: public; Owner: neondb_owner
--

SELECT pg_catalog.setval('public.flipkart_grocery_po_header_id_seq', 1, false);


--
-- Name: flipkart_grocery_po_lines_id_seq; Type: SEQUENCE SET; Schema: public; Owner: neondb_owner
--

SELECT pg_catalog.setval('public.flipkart_grocery_po_lines_id_seq', 1, false);


--
-- Name: pf_item_mst_id_seq; Type: SEQUENCE SET; Schema: public; Owner: neondb_owner
--

SELECT pg_catalog.setval('public.pf_item_mst_id_seq', 41, true);


--
-- Name: pf_mst_id_seq; Type: SEQUENCE SET; Schema: public; Owner: neondb_owner
--

SELECT pg_catalog.setval('public.pf_mst_id_seq', 13, true);


--
-- Name: pf_order_items_id_seq; Type: SEQUENCE SET; Schema: public; Owner: neondb_owner
--

SELECT pg_catalog.setval('public.pf_order_items_id_seq', 22, true);


--
-- Name: pf_po_id_seq; Type: SEQUENCE SET; Schema: public; Owner: neondb_owner
--

SELECT pg_catalog.setval('public.pf_po_id_seq', 13, true);


--
-- Name: sap_item_mst_id_seq; Type: SEQUENCE SET; Schema: public; Owner: neondb_owner
--

SELECT pg_catalog.setval('public.sap_item_mst_id_seq', 35, true);


--
-- Name: swiggy_po_lines_id_seq; Type: SEQUENCE SET; Schema: public; Owner: neondb_owner
--

SELECT pg_catalog.setval('public.swiggy_po_lines_id_seq', 1, false);


--
-- Name: swiggy_pos_id_seq; Type: SEQUENCE SET; Schema: public; Owner: neondb_owner
--

SELECT pg_catalog.setval('public.swiggy_pos_id_seq', 2, true);


--
-- Name: zepto_po_header_id_seq; Type: SEQUENCE SET; Schema: public; Owner: neondb_owner
--

SELECT pg_catalog.setval('public.zepto_po_header_id_seq', 1, false);


--
-- Name: zepto_po_lines_id_seq; Type: SEQUENCE SET; Schema: public; Owner: neondb_owner
--

SELECT pg_catalog.setval('public.zepto_po_lines_id_seq', 1, false);


--
-- Name: blinkit_po_header blinkit_po_header_pkey; Type: CONSTRAINT; Schema: public; Owner: neondb_owner
--

ALTER TABLE ONLY public.blinkit_po_header
    ADD CONSTRAINT blinkit_po_header_pkey PRIMARY KEY (id);


--
-- Name: blinkit_po_lines blinkit_po_lines_pkey; Type: CONSTRAINT; Schema: public; Owner: neondb_owner
--

ALTER TABLE ONLY public.blinkit_po_lines
    ADD CONSTRAINT blinkit_po_lines_pkey PRIMARY KEY (id);


--
-- Name: city_mall_po_header city_mall_po_header_pkey; Type: CONSTRAINT; Schema: public; Owner: neondb_owner
--

ALTER TABLE ONLY public.city_mall_po_header
    ADD CONSTRAINT city_mall_po_header_pkey PRIMARY KEY (id);


--
-- Name: city_mall_po_lines city_mall_po_lines_pkey; Type: CONSTRAINT; Schema: public; Owner: neondb_owner
--

ALTER TABLE ONLY public.city_mall_po_lines
    ADD CONSTRAINT city_mall_po_lines_pkey PRIMARY KEY (id);


--
-- Name: flipkart_grocery_po_header flipkart_grocery_po_header_pkey; Type: CONSTRAINT; Schema: public; Owner: neondb_owner
--

ALTER TABLE ONLY public.flipkart_grocery_po_header
    ADD CONSTRAINT flipkart_grocery_po_header_pkey PRIMARY KEY (id);


--
-- Name: flipkart_grocery_po_header flipkart_grocery_po_header_po_number_unique; Type: CONSTRAINT; Schema: public; Owner: neondb_owner
--

ALTER TABLE ONLY public.flipkart_grocery_po_header
    ADD CONSTRAINT flipkart_grocery_po_header_po_number_unique UNIQUE (po_number);


--
-- Name: flipkart_grocery_po_lines flipkart_grocery_po_lines_pkey; Type: CONSTRAINT; Schema: public; Owner: neondb_owner
--

ALTER TABLE ONLY public.flipkart_grocery_po_lines
    ADD CONSTRAINT flipkart_grocery_po_lines_pkey PRIMARY KEY (id);


--
-- Name: pf_item_mst pf_item_mst_pkey; Type: CONSTRAINT; Schema: public; Owner: neondb_owner
--

ALTER TABLE ONLY public.pf_item_mst
    ADD CONSTRAINT pf_item_mst_pkey PRIMARY KEY (id);


--
-- Name: pf_mst pf_mst_pf_name_unique; Type: CONSTRAINT; Schema: public; Owner: neondb_owner
--

ALTER TABLE ONLY public.pf_mst
    ADD CONSTRAINT pf_mst_pf_name_unique UNIQUE (pf_name);


--
-- Name: pf_mst pf_mst_pkey; Type: CONSTRAINT; Schema: public; Owner: neondb_owner
--

ALTER TABLE ONLY public.pf_mst
    ADD CONSTRAINT pf_mst_pkey PRIMARY KEY (id);


--
-- Name: pf_order_items pf_order_items_pkey; Type: CONSTRAINT; Schema: public; Owner: neondb_owner
--

ALTER TABLE ONLY public.pf_order_items
    ADD CONSTRAINT pf_order_items_pkey PRIMARY KEY (id);


--
-- Name: pf_po pf_po_pkey; Type: CONSTRAINT; Schema: public; Owner: neondb_owner
--

ALTER TABLE ONLY public.pf_po
    ADD CONSTRAINT pf_po_pkey PRIMARY KEY (id);


--
-- Name: pf_po pf_po_po_number_unique; Type: CONSTRAINT; Schema: public; Owner: neondb_owner
--

ALTER TABLE ONLY public.pf_po
    ADD CONSTRAINT pf_po_po_number_unique UNIQUE (po_number);


--
-- Name: sap_item_mst sap_item_mst_itemcode_unique; Type: CONSTRAINT; Schema: public; Owner: neondb_owner
--

ALTER TABLE ONLY public.sap_item_mst
    ADD CONSTRAINT sap_item_mst_itemcode_unique UNIQUE (itemcode);


--
-- Name: sap_item_mst sap_item_mst_pkey; Type: CONSTRAINT; Schema: public; Owner: neondb_owner
--

ALTER TABLE ONLY public.sap_item_mst
    ADD CONSTRAINT sap_item_mst_pkey PRIMARY KEY (id);


--
-- Name: swiggy_po_lines swiggy_po_lines_pkey; Type: CONSTRAINT; Schema: public; Owner: neondb_owner
--

ALTER TABLE ONLY public.swiggy_po_lines
    ADD CONSTRAINT swiggy_po_lines_pkey PRIMARY KEY (id);


--
-- Name: swiggy_pos swiggy_pos_pkey; Type: CONSTRAINT; Schema: public; Owner: neondb_owner
--

ALTER TABLE ONLY public.swiggy_pos
    ADD CONSTRAINT swiggy_pos_pkey PRIMARY KEY (id);


--
-- Name: swiggy_pos swiggy_pos_po_number_unique; Type: CONSTRAINT; Schema: public; Owner: neondb_owner
--

ALTER TABLE ONLY public.swiggy_pos
    ADD CONSTRAINT swiggy_pos_po_number_unique UNIQUE (po_number);


--
-- Name: users users_pkey; Type: CONSTRAINT; Schema: public; Owner: neondb_owner
--

ALTER TABLE ONLY public.users
    ADD CONSTRAINT users_pkey PRIMARY KEY (id);


--
-- Name: users users_username_unique; Type: CONSTRAINT; Schema: public; Owner: neondb_owner
--

ALTER TABLE ONLY public.users
    ADD CONSTRAINT users_username_unique UNIQUE (username);


--
-- Name: zepto_po_header zepto_po_header_pkey; Type: CONSTRAINT; Schema: public; Owner: neondb_owner
--

ALTER TABLE ONLY public.zepto_po_header
    ADD CONSTRAINT zepto_po_header_pkey PRIMARY KEY (id);


--
-- Name: zepto_po_lines zepto_po_lines_pkey; Type: CONSTRAINT; Schema: public; Owner: neondb_owner
--

ALTER TABLE ONLY public.zepto_po_lines
    ADD CONSTRAINT zepto_po_lines_pkey PRIMARY KEY (id);


--
-- Name: blinkit_po_lines blinkit_po_lines_po_header_id_blinkit_po_header_id_fk; Type: FK CONSTRAINT; Schema: public; Owner: neondb_owner
--

ALTER TABLE ONLY public.blinkit_po_lines
    ADD CONSTRAINT blinkit_po_lines_po_header_id_blinkit_po_header_id_fk FOREIGN KEY (po_header_id) REFERENCES public.blinkit_po_header(id) ON DELETE CASCADE;


--
-- Name: city_mall_po_lines city_mall_po_lines_po_header_id_city_mall_po_header_id_fk; Type: FK CONSTRAINT; Schema: public; Owner: neondb_owner
--

ALTER TABLE ONLY public.city_mall_po_lines
    ADD CONSTRAINT city_mall_po_lines_po_header_id_city_mall_po_header_id_fk FOREIGN KEY (po_header_id) REFERENCES public.city_mall_po_header(id) ON DELETE CASCADE;


--
-- Name: flipkart_grocery_po_lines flipkart_grocery_po_lines_header_id_flipkart_grocery_po_header_; Type: FK CONSTRAINT; Schema: public; Owner: neondb_owner
--

ALTER TABLE ONLY public.flipkart_grocery_po_lines
    ADD CONSTRAINT flipkart_grocery_po_lines_header_id_flipkart_grocery_po_header_ FOREIGN KEY (header_id) REFERENCES public.flipkart_grocery_po_header(id) ON DELETE CASCADE;


--
-- Name: pf_item_mst pf_item_mst_pf_id_pf_mst_id_fk; Type: FK CONSTRAINT; Schema: public; Owner: neondb_owner
--

ALTER TABLE ONLY public.pf_item_mst
    ADD CONSTRAINT pf_item_mst_pf_id_pf_mst_id_fk FOREIGN KEY (pf_id) REFERENCES public.pf_mst(id);


--
-- Name: pf_item_mst pf_item_mst_sap_id_sap_item_mst_id_fk; Type: FK CONSTRAINT; Schema: public; Owner: neondb_owner
--

ALTER TABLE ONLY public.pf_item_mst
    ADD CONSTRAINT pf_item_mst_sap_id_sap_item_mst_id_fk FOREIGN KEY (sap_id) REFERENCES public.sap_item_mst(id);


--
-- Name: pf_order_items pf_order_items_po_id_pf_po_id_fk; Type: FK CONSTRAINT; Schema: public; Owner: neondb_owner
--

ALTER TABLE ONLY public.pf_order_items
    ADD CONSTRAINT pf_order_items_po_id_pf_po_id_fk FOREIGN KEY (po_id) REFERENCES public.pf_po(id) ON DELETE CASCADE;


--
-- Name: pf_po pf_po_platform_pf_mst_id_fk; Type: FK CONSTRAINT; Schema: public; Owner: neondb_owner
--

ALTER TABLE ONLY public.pf_po
    ADD CONSTRAINT pf_po_platform_pf_mst_id_fk FOREIGN KEY (platform) REFERENCES public.pf_mst(id);


--
-- Name: swiggy_po_lines swiggy_po_lines_po_id_swiggy_pos_id_fk; Type: FK CONSTRAINT; Schema: public; Owner: neondb_owner
--

ALTER TABLE ONLY public.swiggy_po_lines
    ADD CONSTRAINT swiggy_po_lines_po_id_swiggy_pos_id_fk FOREIGN KEY (po_id) REFERENCES public.swiggy_pos(id) ON DELETE CASCADE;


--
-- Name: zepto_po_lines zepto_po_lines_po_header_id_zepto_po_header_id_fk; Type: FK CONSTRAINT; Schema: public; Owner: neondb_owner
--

ALTER TABLE ONLY public.zepto_po_lines
    ADD CONSTRAINT zepto_po_lines_po_header_id_zepto_po_header_id_fk FOREIGN KEY (po_header_id) REFERENCES public.zepto_po_header(id) ON DELETE CASCADE;


--
-- Name: DEFAULT PRIVILEGES FOR SEQUENCES; Type: DEFAULT ACL; Schema: public; Owner: cloud_admin
--

ALTER DEFAULT PRIVILEGES FOR ROLE cloud_admin IN SCHEMA public GRANT ALL ON SEQUENCES TO neon_superuser WITH GRANT OPTION;


--
-- Name: DEFAULT PRIVILEGES FOR TABLES; Type: DEFAULT ACL; Schema: public; Owner: cloud_admin
--

ALTER DEFAULT PRIVILEGES FOR ROLE cloud_admin IN SCHEMA public GRANT ALL ON TABLES TO neon_superuser WITH GRANT OPTION;


--
-- PostgreSQL database dump complete
--

